[{"domain":null,"method":"GET|HEAD","uri":"\/","name":null,"action":"Closure","middleware":["web"]},{"domain":null,"method":"GET|HEAD","uri":"health","name":null,"action":"Closure","middleware":["web"]},{"domain":null,"method":"GET|HEAD","uri":"horizon\/api\/batches","name":"horizon.jobs-batches.index","action":"Laravel\\Horizon\\Http\\Controllers\\BatchesController@index","middleware":["web","Laravel\\Horizon\\Http\\Middleware\\Authenticate"]},{"domain":null,"method":"POST","uri":"horizon\/api\/batches\/retry\/{id}","name":"horizon.jobs-batches.retry","action":"Laravel\\Horizon\\Http\\Controllers\\BatchesController@retry","middleware":["web","Laravel\\Horizon\\Http\\Middleware\\Authenticate"]},{"domain":null,"method":"GET|HEAD","uri":"horizon\/api\/batches\/{id}","name":"horizon.jobs-batches.show","action":"Laravel\\Horizon\\Http\\Controllers\\BatchesController@show","middleware":["web","Laravel\\Horizon\\Http\\Middleware\\Authenticate"]},{"domain":null,"method":"GET|HEAD","uri":"horizon\/api\/jobs\/completed","name":"horizon.completed-jobs.index","action":"Laravel\\Horizon\\Http\\Controllers\\CompletedJobsController@index","middleware":["web","Laravel\\Horizon\\Http\\Middleware\\Authenticate"]},{"domain":null,"method":"GET|HEAD","uri":"horizon\/api\/jobs\/failed","name":"horizon.failed-jobs.index","action":"Laravel\\Horizon\\Http\\Controllers\\FailedJobsController@index","middleware":["web","Laravel\\Horizon\\Http\\Middleware\\Authenticate"]},{"domain":null,"method":"GET|HEAD","uri":"horizon\/api\/jobs\/failed\/{id}","name":"horizon.failed-jobs.show","action":"Laravel\\Horizon\\Http\\Controllers\\FailedJobsController@show","middleware":["web","Laravel\\Horizon\\Http\\Middleware\\Authenticate"]},{"domain":null,"method":"GET|HEAD","uri":"horizon\/api\/jobs\/pending","name":"horizon.pending-jobs.index","action":"Laravel\\Horizon\\Http\\Controllers\\PendingJobsController@index","middleware":["web","Laravel\\Horizon\\Http\\Middleware\\Authenticate"]},{"domain":null,"method":"POST","uri":"horizon\/api\/jobs\/retry\/{id}","name":"horizon.retry-jobs.show","action":"Laravel\\Horizon\\Http\\Controllers\\RetryController@store","middleware":["web","Laravel\\Horizon\\Http\\Middleware\\Authenticate"]},{"domain":null,"method":"GET|HEAD","uri":"horizon\/api\/jobs\/silenced","name":"horizon.silenced-jobs.index","action":"Laravel\\Horizon\\Http\\Controllers\\SilencedJobsController@index","middleware":["web","Laravel\\Horizon\\Http\\Middleware\\Authenticate"]},{"domain":null,"method":"GET|HEAD","uri":"horizon\/api\/jobs\/{id}","name":"horizon.jobs.show","action":"Laravel\\Horizon\\Http\\Controllers\\JobsController@show","middleware":["web","Laravel\\Horizon\\Http\\Middleware\\Authenticate"]},{"domain":null,"method":"GET|HEAD","uri":"horizon\/api\/masters","name":"horizon.masters.index","action":"Laravel\\Horizon\\Http\\Controllers\\MasterSupervisorController@index","middleware":["web","Laravel\\Horizon\\Http\\Middleware\\Authenticate"]},{"domain":null,"method":"GET|HEAD","uri":"horizon\/api\/metrics\/jobs","name":"horizon.jobs-metrics.index","action":"Laravel\\Horizon\\Http\\Controllers\\JobMetricsController@index","middleware":["web","Laravel\\Horizon\\Http\\Middleware\\Authenticate"]},{"domain":null,"method":"GET|HEAD","uri":"horizon\/api\/metrics\/jobs\/{id}","name":"horizon.jobs-metrics.show","action":"Laravel\\Horizon\\Http\\Controllers\\JobMetricsController@show","middleware":["web","Laravel\\Horizon\\Http\\Middleware\\Authenticate"]},{"domain":null,"method":"GET|HEAD","uri":"horizon\/api\/metrics\/queues","name":"horizon.queues-metrics.index","action":"Laravel\\Horizon\\Http\\Controllers\\QueueMetricsController@index","middleware":["web","Laravel\\Horizon\\Http\\Middleware\\Authenticate"]},{"domain":null,"method":"GET|HEAD","uri":"horizon\/api\/metrics\/queues\/{id}","name":"horizon.queues-metrics.show","action":"Laravel\\Horizon\\Http\\Controllers\\QueueMetricsController@show","middleware":["web","Laravel\\Horizon\\Http\\Middleware\\Authenticate"]},{"domain":null,"method":"GET|HEAD","uri":"horizon\/api\/monitoring","name":"horizon.monitoring.index","action":"Laravel\\Horizon\\Http\\Controllers\\MonitoringController@index","middleware":["web","Laravel\\Horizon\\Http\\Middleware\\Authenticate"]},{"domain":null,"method":"POST","uri":"horizon\/api\/monitoring","name":"horizon.monitoring.store","action":"Laravel\\Horizon\\Http\\Controllers\\MonitoringController@store","middleware":["web","Laravel\\Horizon\\Http\\Middleware\\Authenticate"]},{"domain":null,"method":"GET|HEAD","uri":"horizon\/api\/monitoring\/{tag}","name":"horizon.monitoring-tag.paginate","action":"Laravel\\Horizon\\Http\\Controllers\\MonitoringController@paginate","middleware":["web","Laravel\\Horizon\\Http\\Middleware\\Authenticate"]},{"domain":null,"method":"DELETE","uri":"horizon\/api\/monitoring\/{tag}","name":"horizon.monitoring-tag.destroy","action":"Laravel\\Horizon\\Http\\Controllers\\MonitoringController@destroy","middleware":["web","Laravel\\Horizon\\Http\\Middleware\\Authenticate"]},{"domain":null,"method":"GET|HEAD","uri":"horizon\/api\/stats","name":"horizon.stats.index","action":"Laravel\\Horizon\\Http\\Controllers\\DashboardStatsController@index","middleware":["web","Laravel\\Horizon\\Http\\Middleware\\Authenticate"]},{"domain":null,"method":"GET|HEAD","uri":"horizon\/api\/workload","name":"horizon.workload.index","action":"Laravel\\Horizon\\Http\\Controllers\\WorkloadController@index","middleware":["web","Laravel\\Horizon\\Http\\Middleware\\Authenticate"]},{"domain":null,"method":"GET|HEAD","uri":"horizon\/{view?}","name":"horizon.index","action":"Laravel\\Horizon\\Http\\Controllers\\HomeController@index","middleware":["web","Laravel\\Horizon\\Http\\Middleware\\Authenticate"]},{"domain":null,"method":"GET|HEAD","uri":"sanctum\/csrf-cookie","name":"sanctum.csrf-cookie","action":"Laravel\\Sanctum\\Http\\Controllers\\CsrfCookieController@show","middleware":["web"]},{"domain":null,"method":"GET|HEAD","uri":"storage\/{path}","name":"storage.local","action":"Closure","middleware":[]},{"domain":null,"method":"GET|HEAD","uri":"up","name":null,"action":"Closure","middleware":[]}]
